[
    {
        "name": "exampleProduct",
        "apiResources": [],
        "approvalType": "auto",
        "attributes": [
            {
                "name": "description",
                "value": "exampleProduct"
            }
        ],
        "description": "example Product",
        "displayName": "exampleProduct",
        "environments": [
            "edge_env"
        ],
        "proxies": [
            "example-v1"
        ],
        "quota": "10000",
        "quotaInterval": "1",
        "quotaTimeUnit": "month",
        "scopes": []
    } 
]
