[
    {
        "name": "#ProductName#-v1",
        "apiResources": [],
        "approvalType": "auto",
        "attributes": [
            {
                "name": "description",
                "value": "#ProductDescription#"
            }
        ],
        "description": "#ProductDescription#",
        "displayName": "#ProductName#-v1",
        "environments": [
            "edge_env"
        ],
        "proxies": [
            "#ProxyName#-v1"
        ],
        "quota": "",
        "quotaInterval": "",
        "quotaTimeUnit": "",
        "scopes": []
    } 
]
