<?xml version="1.0" encoding="UTF-8"?>
<project xmlns="http://maven.apache.org/POM/4.0.0"
    xmlns:xsi="http://www.w3.org/2001/XMLSchema-instance"
    xsi:schemaLocation="http://maven.apache.org/POM/4.0.0 http://maven.apache.org/xsd/maven-4.0.0.xsd">

  <modelVersion>4.0.0</modelVersion>
  <groupId>apigee</groupId>
  <artifactId>example-v1</artifactId>
  <version>-</version>
  <!-- <name>example-${deployment.suffix}v1</name> -->
  <name>example-v1</name>
  <packaging>pom</packaging>
  <!-- Test -->
  <pluginRepositories>
    <pluginRepository>
      <id>central</id>
      <name>Maven Plugin Repository</name>
      <url>https://${apigee.api.artifactory}/libs-release/</url>
      <!-- <url>${apigee.api.artifactory}/libs-release/</url> -->
      <!-- <url>http://repo1.maven.org/maven2</url> -->
      <layout>default</layout>
      <snapshots>
        <enabled>false</enabled>
      </snapshots>
      <releases>
        <updatePolicy>never</updatePolicy>
      </releases>
    </pluginRepository>
  </pluginRepositories>

  <properties>
    <project.build.sourceEncoding>UTF-8</project.build.sourceEncoding>
    <project.reporting.outputEncoding>UTF-8</project.reporting.outputEncoding>
    <org.slf4j.simpleLogger.defaultLogLevel>info</org.slf4j.simpleLogger.defaultLogLevel>
    <project.root.dir>${basedir}</project.root.dir>
    <target.root.dir>${basedir}/target</target.root.dir>
    <!--<deployment.suffix>${user.name}</deployment.suffix> -->
    <deployment.env>-${env}</deployment.env>
    <commit></commit>
    <branch>a local</branch>
  </properties>

  <!-- This is where you add the environment specific properties under various profile names -->
  <!-- For apigee.options, refer to "Advanced Configuration Options" under https://github.com/apigee/apigee-deploy-maven-plugin#pom-xml-sample -->

  <profiles>

    <!-- Apigee org-env cust-dev -->

    <profile>
      <id>cust-dev</id>
      <properties>
        <apigee.profile>dev</apigee.profile>
        <apigee.env>dev</apigee.env>
        <apigee.hosturl>${apigee.api.management.protocol}://${apigee.api.management.host}:${apigee.api.management.port}</apigee.hosturl>
        <apigee.apiversion>v1</apigee.apiversion>
        <apigee.org>cust</apigee.org>
        <apigee.apitype>${apigee.api.type}</apigee.apitype> <!-- apiproxy or sharedflow -->
        <apigee.username>${username}</apigee.username>
        <apigee.password>${password}</apigee.password>
        <apigee.options>update</apigee.options>
        <api.northbound.domain>cust-dev-api.duke-energy.com</api.northbound.domain>
        <api.testtag>~@wip</api.testtag>
      </properties>
    </profile>

    <profile>
      <id>cust-tst</id>
      <properties>
        <apigee.profile>tst</apigee.profile>
        <apigee.env>tst</apigee.env>
        <apigee.hosturl>${apigee.api.management.protocol}://${apigee.api.management.host}:${apigee.api.management.port}</apigee.hosturl>
        <apigee.apiversion>v1</apigee.apiversion>
        <apigee.org>cust</apigee.org>
        <apigee.apitype>${apigee.api.type}</apigee.apitype> <!-- apiproxy or sharedflow -->
        <apigee.username>${username}</apigee.username>
        <apigee.username>${username}</apigee.username>
        <apigee.password>${password}</apigee.password>
        <apigee.options>override</apigee.options>
        <api.northbound.domain>cust-tst-api.duke-energy.com</api.northbound.domain> 
        <api.testtag>~@wip</api.testtag>
      </properties>
    </profile>

    <profile>
      <id>cust-qa</id>
      <properties>
        <apigee.profile>qa</apigee.profile>
        <apigee.env>qa</apigee.env>
        <apigee.hosturl>${apigee.api.management.protocol}://${apigee.api.management.host}:${apigee.api.management.port}</apigee.hosturl>
        <apigee.apiversion>v1</apigee.apiversion>
        <apigee.org>cust</apigee.org>
        <apigee.apitype>${apigee.api.type}</apigee.apitype> <!-- apiproxy or sharedflow -->
        <apigee.username>${username}</apigee.username>
        <apigee.username>${username}</apigee.username>
        <apigee.password>${password}</apigee.password>
        <apigee.options>override</apigee.options>
        <api.northbound.domain>cust-qa-api.duke-energy.com</api.northbound.domain>
        <api.testtag>~@wip</api.testtag>
      </properties>
    </profile>

    <profile>
      <id>cust-uat</id>
      <properties>
        <apigee.profile>uat</apigee.profile>
        <apigee.env>uat</apigee.env>
        <apigee.hosturl>${apigee.api.management.protocol}://${apigee.api.management.host}:${apigee.api.management.port}</apigee.hosturl>
        <apigee.apiversion>v1</apigee.apiversion>
        <apigee.org>cust</apigee.org>
        <apigee.apitype>${apigee.api.type}</apigee.apitype> <!-- apiproxy or sharedflow -->
        <apigee.username>${username}</apigee.username>
        <apigee.username>${username}</apigee.username>
        <apigee.password>${password}</apigee.password>
        <apigee.options>override</apigee.options>
        <api.northbound.domain>cust-uat-api.duke-energy.com</api.northbound.domain>
        <api.testtag>~@wip</api.testtag>
      </properties>
    </profile>

    <profile>
      <id>cust-prod</id>
      <properties>
        <apigee.profile>prod</apigee.profile>
        <apigee.env>prod</apigee.env>
        <apigee.hosturl>${apigee.api.management.protocol}://${apigee.api.management.host}:${apigee.api.management.port}</apigee.hosturl>
        <apigee.apiversion>v1</apigee.apiversion>
        <apigee.org>cust</apigee.org>
        <apigee.apitype>${apigee.api.type}</apigee.apitype> <!-- apiproxy or sharedflow -->
        <apigee.username>${username}</apigee.username>
        <apigee.username>${username}</apigee.username>
        <apigee.password>${password}</apigee.password>
        <apigee.options>override</apigee.options>
        <api.northbound.domain>cust-api.duke-energy.com</api.northbound.domain>
        <api.testtag>~@wip</api.testtag>
      </properties>
    </profile>

    <!-- Apigee org-env iot-dev -->

    <profile>
      <id>iot-dev</id>
      <properties>
        <apigee.profile>dev</apigee.profile>
        <apigee.env>dev</apigee.env>
        <apigee.hosturl>${apigee.api.management.protocol}://${apigee.api.management.host}:${apigee.api.management.port}</apigee.hosturl>
        <apigee.apiversion>v1</apigee.apiversion>
        <apigee.org>iot</apigee.org>
        <apigee.apitype>${apigee.api.type}</apigee.apitype> <!-- apiproxy or sharedflow -->
        <apigee.username>${username}</apigee.username>
        <apigee.password>${password}</apigee.password>
        <apigee.options>update</apigee.options>
        <api.northbound.domain>api-dev.iot-dt.cnpo.io</api.northbound.domain>
        <api.testtag>~@wip</api.testtag>
      </properties>
    </profile>

    <profile>
      <id>iot-tst</id>
      <properties>
        <apigee.profile>tst</apigee.profile>
        <apigee.env>tst</apigee.env>
        <apigee.hosturl>${apigee.api.management.protocol}://${apigee.api.management.host}:${apigee.api.management.port}</apigee.hosturl>
        <apigee.apiversion>v1</apigee.apiversion>
        <apigee.org>iot</apigee.org>
        <apigee.apitype>${apigee.api.type}</apigee.apitype> <!-- apiproxy or sharedflow -->
        <apigee.username>${username}</apigee.username>
        <apigee.username>${username}</apigee.username>
        <apigee.password>${password}</apigee.password>
        <apigee.options>override</apigee.options>
        <api.northbound.domain>api-tst.iot-dt.cnpo.io</api.northbound.domain> 
        <api.testtag>~@wip</api.testtag>
      </properties>
    </profile>

    <profile>
      <id>iot-qa</id>
      <properties>
        <apigee.profile>qa</apigee.profile>
        <apigee.env>qa</apigee.env>
        <apigee.hosturl>${apigee.api.management.protocol}://${apigee.api.management.host}:${apigee.api.management.port}</apigee.hosturl>
        <apigee.apiversion>v1</apigee.apiversion>
        <apigee.org>iot</apigee.org>
        <apigee.apitype>${apigee.api.type}</apigee.apitype> <!-- apiproxy or sharedflow -->
        <apigee.username>${username}</apigee.username>
        <apigee.username>${username}</apigee.username>
        <apigee.password>${password}</apigee.password>
        <apigee.options>override</apigee.options>
        <api.northbound.domain>api-qa.iot.cnpo.io</api.northbound.domain>
        <api.testtag>~@wip</api.testtag>
      </properties>
    </profile>

    <profile>
      <id>iot-uat</id>
      <properties>
        <apigee.profile>uat</apigee.profile>
        <apigee.env>uat</apigee.env>
        <apigee.hosturl>${apigee.api.management.protocol}://${apigee.api.management.host}:${apigee.api.management.port}</apigee.hosturl>
        <apigee.apiversion>v1</apigee.apiversion>
        <apigee.org>iot</apigee.org>
        <apigee.apitype>${apigee.api.type}</apigee.apitype> <!-- apiproxy or sharedflow -->
        <apigee.username>${username}</apigee.username>
        <apigee.username>${username}</apigee.username>
        <apigee.password>${password}</apigee.password>
        <apigee.options>override</apigee.options>
        <api.northbound.domain>api-uat.iot.cnpo.io</api.northbound.domain>
        <api.testtag>~@wip</api.testtag>
      </properties>
    </profile>

    <profile>
      <id>iot-prod</id>
      <properties>
        <apigee.profile>prod</apigee.profile>
        <apigee.env>prod</apigee.env>
        <apigee.hosturl>${apigee.api.management.protocol}://${apigee.api.management.host}:${apigee.api.management.port}</apigee.hosturl>
        <apigee.apiversion>v1</apigee.apiversion>
        <apigee.org>iot</apigee.org>
        <apigee.apitype>${apigee.api.type}</apigee.apitype> <!-- apiproxy or sharedflow -->
        <apigee.username>${username}</apigee.username>
        <apigee.username>${username}</apigee.username>
        <apigee.password>${password}</apigee.password>
        <apigee.options>override</apigee.options>
        <api.northbound.domain>api.iot.cnpo.io</api.northbound.domain>
        <api.testtag>~@wip</api.testtag>
      </properties>
    </profile>

    <!-- Apigee org-env emp-dev -->

    <profile>
      <id>emp-dev</id>
      <properties>
        <apigee.profile>dev</apigee.profile>
        <apigee.env>dev</apigee.env>
        <apigee.hosturl>${apigee.api.management.protocol}://${apigee.api.management.host}:${apigee.api.management.port}</apigee.hosturl>
        <apigee.apiversion>v1</apigee.apiversion>
        <apigee.org>emp</apigee.org>
        <apigee.apitype>${apigee.api.type}</apigee.apitype> <!-- apiproxy or sharedflow -->
        <apigee.username>${username}</apigee.username>
        <apigee.username>${username}</apigee.username>
        <apigee.password>${password}</apigee.password>
        <apigee.options>update</apigee.options>
        <api.northbound.domain>emp-dev-api.duke-energy.com</api.northbound.domain> 
        <api.testtag>~@wip</api.testtag>
      </properties>
    </profile>

    <profile>
      <id>emp-tst</id>
      <properties>
        <apigee.profile>tst</apigee.profile>
        <apigee.env>tst</apigee.env>
        <apigee.hosturl>${apigee.api.management.protocol}://${apigee.api.management.host}:${apigee.api.management.port}</apigee.hosturl>
        <apigee.apiversion>v1</apigee.apiversion>
        <apigee.org>emp</apigee.org>
        <apigee.apitype>${apigee.api.type}</apigee.apitype> <!-- apiproxy or sharedflow -->
        <apigee.username>${username}</apigee.username>
        <apigee.username>${username}</apigee.username>
        <apigee.password>${password}</apigee.password>
        <apigee.options>override</apigee.options>
        <api.northbound.domain>emp-tst-api.duke-energy.com</api.northbound.domain> 
        <api.testtag>~@wip</api.testtag>
      </properties>
    </profile>

    <profile>
      <id>emp-qa</id>
      <properties>
        <apigee.profile>qa</apigee.profile>
        <apigee.env>qa</apigee.env>
        <apigee.hosturl>${apigee.api.management.protocol}://${apigee.api.management.host}:${apigee.api.management.port}</apigee.hosturl>
        <apigee.apiversion>v1</apigee.apiversion>
        <apigee.org>emp</apigee.org>
        <apigee.apitype>${apigee.api.type}</apigee.apitype> <!-- apiproxy or sharedflow -->
        <apigee.username>${username}</apigee.username>
        <apigee.username>${username}</apigee.username>
        <apigee.password>${password}</apigee.password>
        <apigee.options>override</apigee.options>
        <api.northbound.domain>emp-qa-api.duke-energy.com</api.northbound.domain>
        <api.testtag>~@wip</api.testtag>
      </properties>
    </profile>

    <profile>
      <id>emp-uat</id>
      <properties>
        <apigee.profile>uat</apigee.profile>
        <apigee.env>uat</apigee.env>
        <apigee.hosturl>${apigee.api.management.protocol}://${apigee.api.management.host}:${apigee.api.management.port}</apigee.hosturl>
        <apigee.apiversion>v1</apigee.apiversion>
        <apigee.org>emp</apigee.org>
        <apigee.apitype>${apigee.api.type}</apigee.apitype> <!-- apiproxy or sharedflow -->
        <apigee.username>${username}</apigee.username>
        <apigee.username>${username}</apigee.username>
        <apigee.password>${password}</apigee.password>
        <apigee.options>override</apigee.options>
        <api.northbound.domain>emp-uat-api.duke-energy.com</api.northbound.domain>
        <api.testtag>~@wip</api.testtag>
      </properties>
    </profile>

    <profile>
      <id>emp-prod</id>
      <properties>
        <apigee.profile>prod</apigee.profile>
        <apigee.env>prod</apigee.env>
        <apigee.hosturl>${apigee.api.management.protocol}://${apigee.api.management.host}:${apigee.api.management.port}</apigee.hosturl>
        <apigee.apiversion>v1</apigee.apiversion>
        <apigee.org>emp</apigee.org>
        <apigee.apitype>${apigee.api.type}</apigee.apitype> <!-- apiproxy or sharedflow -->
        <apigee.username>${username}</apigee.username>
        <apigee.username>${username}</apigee.username>
        <apigee.password>${password}</apigee.password>
        <apigee.options>override</apigee.options>
        <api.northbound.domain>emp-api.duke-energy.com</api.northbound.domain>
        <api.testtag>~@wip</api.testtag>
      </properties>
    </profile>

  </profiles>
  <build>

    <pluginManagement>
      <plugins>
        <plugin>
          <groupId>io.apigee.build-tools.enterprise4g</groupId>
          <artifactId>apigee-edge-maven-plugin</artifactId>
          <version>1.1.5</version>
        </plugin>
        <plugin>
          <groupId>com.apigee.edge.config</groupId>
          <artifactId>apigee-config-maven-plugin</artifactId>
          <!--<version>1.1.4</version> --> <!-- FIX !! -->
          <version>1.2.1</version>
        </plugin>
      </plugins>
    </pluginManagement>

    <plugins>

      <!-- run jslint -->
      <plugin>
        <groupId>com.cj.jshintmojo</groupId>
        <artifactId>jshint-maven-plugin</artifactId>
        <version>1.6.0</version>
        <executions>
          <execution>
            <id>jslint</id>
            <phase>validate</phase>
            <goals>
              <goal>lint</goal>
            </goals>
          </execution>
        </executions>
        <configuration>
          <directories>
            <directory>apiproxy/resources/jsc</directory>
            <directory>sharedflowbundle/resources/jsc</directory>
          </directories>
          <reporter>jslint</reporter>
        </configuration>
      </plugin>

      <!-- copy the full apiproxy folder to target folder -->
      <plugin>
        <artifactId>maven-resources-plugin</artifactId>
        <version>3.0.2</version>
        <executions>
          <execution>
            <id>copy-resources</id>
            <phase>process-resources</phase>
            <goals>
              <goal>copy-resources</goal>
            </goals>
            <configuration>
              <nonFilteredFileExtensions>
                <nonFilteredFileExtension>jar</nonFilteredFileExtension>
              </nonFilteredFileExtensions>
              <overwrite>true</overwrite>
              <resources>
                <resource>
                  <!--source -->
                  <directory>${project.root.dir}</directory>
                  <filtering>true</filtering>
                  <includes>
                    <include>apiproxy/**</include>
                    <include>sharedflowbundle/**</include>
                    <include>test/integration/**</include>
                    <include>resources/**</include>
                  </includes>
                </resource>
              </resources>
              <!--target -->
              <outputDirectory>${target.root.dir}</outputDirectory>
            </configuration>
          </execution>
        </executions>
      </plugin>

      <plugin>
        <groupId>com.google.code.maven-replacer-plugin</groupId>
        <artifactId>replacer</artifactId>
        <version>1.5.2</version>
        <executions>
          <execution>
            <id>replace-token</id>
            <phase>process-resources</phase>
            <goals>
              <goal>replace</goal>
            </goals>
            <configuration>
              <basedir>${target.root.dir}</basedir>
              <includes>
                <include>test/integration/test-config.json</include>
                <include>resources/edge/org/apiProducts.json</include>
                <include>resources/edge/org/developerApps.json</include>
                <include>resources/edge/org/developers.json</include>
              </includes>
              <replacements>
                <!--<replacement>
                  <token>/currency/v1</token>
                  <value>/currency/${deployment.suffix}v1</value>
                </replacement> -->
                <replacement>
                  <token>org-env-api.duke-energy.com</token>
                  <value>${api.northbound.domain}</value>
                </replacement>
                <replacement>
                  <token>${apigee.api.name}Product</token>
                  <value>${apigee.api.name}Product${deployment.env}</value>
                </replacement>
                <replacement>
                  <token>${apigee.api.name}App</token>
                  <value>${apigee.api.name}App${deployment.env}</value>
                </replacement>
                <replacement>
                  <token>test-api@duke-energy.com</token>
                  <value>test-api${deployment.env}@duke-energy.com</value>
                </replacement>
                <replacement>
                  <token>testapi</token>
                  <value>testapi${deployment.env}</value>
                </replacement>
                <replacement>
                  <token>edge_env</token>
                  <value>${env}</value>
                </replacement>
                <replacement>
                  <token>@description</token>
                  <value>commit ${commit} from ${branch} branch by ${user.name}</value>
                </replacement>
              </replacements>
            </configuration>
          </execution>
<!-- -->
          <execution>
            <id>encrypted-replace</id>
            <phase>process-resources</phase>
            <goals>
              <goal>replace</goal>
            </goals>

            <configuration>
            <delimiters>
              <delimiter>%</delimiter>
            </delimiters>
            <regexFlags>
              <regexFlag>MULTILINE</regexFlag>
            </regexFlags>
            <unescape>true</unescape>
            <basedir>${target.root.dir}</basedir>

            <includes>
              <include>resources/edge/env/${env}/kvms.json</include>
              <include>test/integration/test-config.json</include>
            </includes>
            <!-- can externalize this by passing this as argument -->
            <tokenValueMap>../../artifacts-vault/api-vault.conf</tokenValueMap>
            </configuration>
          </execution>
        </executions>
      </plugin>

      <plugin>
        <groupId>io.apigee.build-tools.enterprise4g</groupId>
        <artifactId>apigee-edge-maven-plugin</artifactId>
        <executions>
          <execution>
            <id>configure-bundle-step</id>
            <phase>package</phase>
            <goals>
              <goal>configure</goal>
            </goals>
          </execution>
          <!--deploy bundle -->
          <execution>
            <id>deploy-bundle-step</id>
            <phase>install</phase>
            <goals>
              <goal>deploy</goal>
            </goals>
          </execution>
        </executions>
      </plugin>

      <plugin>
        <groupId>com.apigee.edge.config</groupId>
        <artifactId>apigee-config-maven-plugin</artifactId>
        <executions>
          <execution>
            <id>create-config-cache</id>
            <phase>verify</phase>
            <goals>
              <goal>caches</goal>
            </goals>
          </execution>
          <execution>
            <id>create-config-kvm</id>
            <phase>verify</phase>
            <goals>
              <goal>keyvaluemaps</goal>
            </goals>
          </execution>
          <execution>
            <id>create-config-targetserver</id>
            <phase>verify</phase>
            <goals>
              <goal>targetservers</goal>
            </goals>
          </execution>
          <execution>
            <id>create-config-apiproduct</id>
            <phase>install</phase>
            <goals>
              <goal>apiproducts</goal>
            </goals>
          </execution>
          <execution>
            <id>create-config-developer</id>
            <phase>install</phase>
            <goals>
              <goal>developers</goal>
            </goals>
          </execution>
          <execution>
            <id>create-config-app</id>
            <phase>install</phase>
            <goals>
              <goal>apps</goal>
            </goals>
          </execution>
          <execution>
            <id>export-config-app</id>
            <phase>install</phase>
            <goals>
              <goal>exportAppKeys</goal>
            </goals>
          </execution>
        </executions>
      </plugin>

      <plugin>
        <groupId>org.codehaus.mojo</groupId>
        <artifactId>exec-maven-plugin</artifactId>
        <version>1.3.2</version>
        <executions>
          <!-- npm install -->
          <execution>
            <id>npm-install</id>
            <phase>test</phase>
            <goals>
              <goal>exec</goal>
            </goals>
            <configuration>
              <executable>npm</executable>
              <commandlineArgs>
                install
              </commandlineArgs>
            </configuration>
          </execution>
          
          <!-- run integration tests -->
          <execution>
            <id>integration</id>
            <phase>install</phase>
            <goals>
              <goal>exec</goal>
            </goals>
            <configuration>
              <executable>./node_modules/cucumber/bin/cucumber.js</executable>
              <commandlineArgs>
                target/test/integration/features --format
                json:target/reports.json
              </commandlineArgs>
            </configuration>
          </execution>
        </executions>
      </plugin>

    </plugins>
  </build>

</project>
